{
  "summary": {
    "total_documents": 24,
    "total_chunks": 194,
    "total_pairs": 1344,
    "avg_chunks_per_doc": 8.083333333333334,
    "avg_chunk_length_words": 244.36082474226805,
    "std_chunk_length_words": 38.703788026073404
  },
  "chunk_stats": {
    "min_length": 88,
    "max_length": 297,
    "median_length": 255.0
  },
  "pair_distribution": {
    "semi-hard": 873,
    "easy": 156,
    "hard": 315
  },
  "difficulty_stats": {
    "mean": 0.5762352450706419,
    "std": 0.1399227249410152,
    "min": 0.27976030111312866,
    "max": 0.8905434608459473
  },
  "quality_metrics": {
    "avg_anchor_length_words": 241.777,
    "unique_documents_in_pairs": 24,
    "document_coverage": 1.0
  }
}