{
  "configuration": {
    "models": [
      {
        "path": "models/sapbert-umls/model-0_0183",
        "name": "sapbert-umls",
        "pooling": "mean"
      },
      {
        "path": "models/roberta-catalan/model-0_0000",
        "name": "roberta-catalan",
        "pooling": "mean"
      }
    ],
    "initial_weights": [
      0.7,
      0.3
    ]
  },
  "results": {
    "individual_models": {
      "sapbert-umls": {
        "metrics": {
          "accuracy_at_1": 0.7083333333333334,
          "accuracy_at_5": 0.8333333333333334,
          "mrr": 0.7524305555555556,
          "map": 0.7524305555555556,
          "ndcg_at_5": 0.7724872681760594,
          "avg_similarity": 52.87926483154297,
          "not_found": 8,
          "total_queries": 48
        }
      },
      "roberta-catalan": {
        "metrics": {
          "accuracy_at_1": 0.5416666666666666,
          "accuracy_at_5": 0.6041666666666666,
          "mrr": 0.5677083333333334,
          "map": 0.5677083333333334,
          "ndcg_at_5": 0.5769278346920065,
          "avg_similarity": 68.26213836669922,
          "not_found": 19,
          "total_queries": 48
        }
      }
    },
    "weighted_average": {
      "initial": {
        "weights": [
          0.7,
          0.3
        ],
        "metrics": {
          "accuracy_at_1": 0.6458333333333334,
          "accuracy_at_5": 0.7916666666666666,
          "mrr": 0.703125,
          "map": 0.703125,
          "ndcg_at_5": 0.7254888712247451,
          "avg_similarity": 56.252777099609375,
          "not_found": 10,
          "total_queries": 48
        }
      },
      "optimal": {
        "weights": [
          0.7986577181208053,
          0.20134228187919462
        ],
        "metrics": {
          "accuracy_at_1": 0.6458333333333334,
          "accuracy_at_5": 0.8333333333333334,
          "mrr": 0.720138888888889,
          "map": 0.7201388888888888,
          "ndcg_at_5": 0.7485073829651329,
          "avg_similarity": 54.07575225830078,
          "not_found": 8,
          "total_queries": 48
        }
      }
    },
    "rank_fusion": {
      "initial": {
        "weights": [
          0.7,
          0.3
        ],
        "metrics": {
          "accuracy_at_1": 0.5,
          "accuracy_at_5": 0.8125,
          "mrr": 0.6371527777777778,
          "map": 0.6371527777777778,
          "ndcg_at_5": 0.6820827936205828,
          "avg_similarity": 53.70020294189453,
          "not_found": 9,
          "total_queries": 48
        }
      },
      "optimal": {
        "weights": [
          0.7,
          0.3
        ],
        "metrics": {
          "accuracy_at_1": 0.5,
          "accuracy_at_5": 0.8125,
          "mrr": 0.6371527777777778,
          "map": 0.6371527777777778,
          "ndcg_at_5": 0.6820827936205828,
          "avg_similarity": 53.70020294189453,
          "not_found": 9,
          "total_queries": 48
        }
      }
    },
    "diversity_analysis": {
      "pairwise_overlap": {
        "sapbert-umls vs roberta-catalan": 0.20000000000000004
      },
      "average_agreement": 0.84375,
      "ensemble_unique_wins": 0
    }
  }
}