{
  "configuration": {
    "models": [
      {
        "path": "models/sapbert-umls/model-0_0001",
        "name": "sapbert-umls",
        "pooling": "mean"
      },
      {
        "path": "models/sapbert-umls/model-0_0183",
        "name": "sapbert-umls-2",
        "pooling": "mean"
      }
    ],
    "initial_weights": [
      0.5,
      0.5
    ]
  },
  "results": {
    "individual_models": {
      "sapbert-umls": {
        "metrics": {
          "accuracy_at_1": 0.7083333333333334,
          "accuracy_at_5": 0.8125,
          "mrr": 0.75,
          "map": 0.75,
          "ndcg_at_5": 0.7658720730654774,
          "avg_similarity": 55.53133010864258,
          "not_found": 9,
          "total_queries": 48
        }
      },
      "sapbert-umls-2": {
        "metrics": {
          "accuracy_at_1": 0.7083333333333334,
          "accuracy_at_5": 0.8333333333333334,
          "mrr": 0.7524305555555556,
          "map": 0.7524305555555556,
          "ndcg_at_5": 0.7724872681760594,
          "avg_similarity": 52.87926483154297,
          "not_found": 8,
          "total_queries": 48
        }
      }
    },
    "weighted_average": {
      "initial": {
        "weights": [
          0.5,
          0.5
        ],
        "metrics": {
          "accuracy_at_1": 0.7083333333333334,
          "accuracy_at_5": 0.8125,
          "mrr": 0.7482638888888888,
          "map": 0.7482638888888888,
          "ndcg_at_5": 0.7644278346920065,
          "avg_similarity": 54.61576461791992,
          "not_found": 9,
          "total_queries": 48
        }
      },
      "optimal": {
        "weights": [
          0.30303030303030304,
          0.6969696969696969
        ],
        "metrics": {
          "accuracy_at_1": 0.7083333333333334,
          "accuracy_at_5": 0.8333333333333334,
          "mrr": 0.7524305555555556,
          "map": 0.7524305555555556,
          "ndcg_at_5": 0.7724872681760594,
          "avg_similarity": 53.39674758911133,
          "not_found": 8,
          "total_queries": 48
        }
      }
    },
    "rank_fusion": {
      "initial": {
        "weights": [
          0.5,
          0.5
        ],
        "metrics": {
          "accuracy_at_1": 0.4375,
          "accuracy_at_5": 0.8125,
          "mrr": 0.6163194444444444,
          "map": 0.6163194444444444,
          "ndcg_at_5": 0.667199012817015,
          "avg_similarity": 55.53133010864258,
          "not_found": 9,
          "total_queries": 48
        }
      },
      "optimal": {
        "weights": [
          0.5,
          0.5
        ],
        "metrics": {
          "accuracy_at_1": 0.4375,
          "accuracy_at_5": 0.8125,
          "mrr": 0.6163194444444444,
          "map": 0.6163194444444444,
          "ndcg_at_5": 0.667199012817015,
          "avg_similarity": 55.53133010864258,
          "not_found": 9,
          "total_queries": 48
        }
      }
    },
    "diversity_analysis": {
      "pairwise_overlap": {
        "sapbert-umls vs sapbert-umls-2": 0.3375000000000001
      },
      "average_agreement": 0.9895833333333334,
      "ensemble_unique_wins": 0
    }
  }
}