{
  "configuration": {
    "models": [
      {
        "path": "models/roberta-catalan/model-0_0000_1",
        "name": "roberta-catalan",
        "pooling": "mean"
      },
      {
        "path": "models/sapbert-umls/model-0_0183",
        "name": "sapbert-umls",
        "pooling": "mean"
      }
    ],
    "initial_weights": [
      0.3,
      0.7
    ]
  },
  "results": {
    "individual_models": {
      "roberta-catalan": {
        "metrics": {
          "accuracy_at_1": 0.5416666666666666,
          "accuracy_at_5": 0.625,
          "mrr": 0.5729166666666666,
          "map": 0.5729166666666666,
          "ndcg_at_5": 0.5859002629852021,
          "avg_similarity": 68.34647369384766,
          "not_found": 18,
          "total_queries": 48
        }
      },
      "sapbert-umls": {
        "metrics": {
          "accuracy_at_1": 0.7083333333333334,
          "accuracy_at_5": 0.8333333333333334,
          "mrr": 0.7524305555555556,
          "map": 0.7524305555555556,
          "ndcg_at_5": 0.7724872681760594,
          "avg_similarity": 52.87926483154297,
          "not_found": 8,
          "total_queries": 48
        }
      }
    },
    "weighted_average": {
      "initial": {
        "weights": [
          0.3,
          0.7
        ],
        "metrics": {
          "accuracy_at_1": 0.6458333333333334,
          "accuracy_at_5": 0.7916666666666666,
          "mrr": 0.703125,
          "map": 0.703125,
          "ndcg_at_5": 0.7254888712247451,
          "avg_similarity": 56.3537712097168,
          "not_found": 10,
          "total_queries": 48
        }
      },
      "optimal": {
        "weights": [
          0.12500000000000003,
          0.875
        ],
        "metrics": {
          "accuracy_at_1": 0.6875,
          "accuracy_at_5": 0.8333333333333334,
          "mrr": 0.7420138888888889,
          "map": 0.7420138888888888,
          "ndcg_at_5": 0.7647983047087981,
          "avg_similarity": 53.629783630371094,
          "not_found": 8,
          "total_queries": 48
        }
      }
    },
    "rank_fusion": {
      "initial": {
        "weights": [
          0.3,
          0.7
        ],
        "metrics": {
          "accuracy_at_1": 0.5,
          "accuracy_at_5": 0.8125,
          "mrr": 0.6371527777777778,
          "map": 0.6371527777777778,
          "ndcg_at_5": 0.6820827936205828,
          "avg_similarity": 60.7360954284668,
          "not_found": 9,
          "total_queries": 48
        }
      },
      "optimal": {
        "weights": [
          0.391304347826087,
          0.6086956521739131
        ],
        "metrics": {
          "accuracy_at_1": 0.5625,
          "accuracy_at_5": 0.8125,
          "mrr": 0.6690972222222222,
          "map": 0.6690972222222221,
          "ndcg_at_5": 0.7055201540391582,
          "avg_similarity": 60.7360954284668,
          "not_found": 9,
          "total_queries": 48
        }
      }
    },
    "diversity_analysis": {
      "pairwise_overlap": {
        "roberta-catalan vs sapbert-umls": 0.20000000000000004
      },
      "average_agreement": 0.8333333333333334,
      "ensemble_unique_wins": 0
    }
  }
}