{
  "model-0_0000": {
    "model_name": "Unknown",
    "top1_accuracy": 0.6875,
    "top5_accuracy": 0.8125,
    "top1_correct": 33,
    "top5_correct": 39,
    "total_queries": 48,
    "load_time": 0.7973027229309082,
    "embedding_time": 12.941766262054443,
    "total_time": 13.739068984985352
  },
  "model-0_0000_1": {
    "model_name": "Unknown",
    "top1_accuracy": 0.6875,
    "top5_accuracy": 0.8333333333333334,
    "top1_correct": 33,
    "top5_correct": 40,
    "total_queries": 48,
    "load_time": 0.6377151012420654,
    "embedding_time": 12.234817504882812,
    "total_time": 12.872532606124878
  },
  "model-0_0001": {
    "model_name": "Unknown",
    "top1_accuracy": 0.6666666666666666,
    "top5_accuracy": 0.8125,
    "top1_correct": 32,
    "top5_correct": 39,
    "total_queries": 48,
    "load_time": 0.5456211566925049,
    "embedding_time": 11.689667463302612,
    "total_time": 12.235288619995117
  },
  "model-0_0002": {
    "model_name": "Unknown",
    "top1_accuracy": 0.6666666666666666,
    "top5_accuracy": 0.8333333333333334,
    "top1_correct": 32,
    "top5_correct": 40,
    "total_queries": 48,
    "load_time": 0.8344504833221436,
    "embedding_time": 12.731879234313965,
    "total_time": 13.566329717636108
  },
  "model-0_0009": {
    "model_name": "Unknown",
    "top1_accuracy": 0.6666666666666666,
    "top5_accuracy": 0.8125,
    "top1_correct": 32,
    "top5_correct": 39,
    "total_queries": 48,
    "load_time": 0.6384592056274414,
    "embedding_time": 13.137616395950317,
    "total_time": 13.776075601577759
  },
  "model-0_0029": {
    "model_name": "Unknown",
    "top1_accuracy": 0.7083333333333334,
    "top5_accuracy": 0.8333333333333334,
    "top1_correct": 34,
    "top5_correct": 40,
    "total_queries": 48,
    "load_time": 0.7856731414794922,
    "embedding_time": 12.994585514068604,
    "total_time": 13.780258655548096
  },
  "model-0_0183": {
    "model_name": "Unknown",
    "top1_accuracy": 0.6875,
    "top5_accuracy": 0.8333333333333334,
    "top1_correct": 33,
    "top5_correct": 40,
    "total_queries": 48,
    "load_time": 0.6166856288909912,
    "embedding_time": 13.004037141799927,
    "total_time": 13.620722770690918
  },
  "model-0_0853": {
    "model_name": "Unknown",
    "top1_accuracy": 0.6458333333333334,
    "top5_accuracy": 0.8541666666666666,
    "top1_correct": 31,
    "top5_correct": 41,
    "total_queries": 48,
    "load_time": 0.6329147815704346,
    "embedding_time": 13.436227321624756,
    "total_time": 14.06914210319519
  },
  "model-0_2688": {
    "model_name": "Unknown",
    "top1_accuracy": 0.6041666666666666,
    "top5_accuracy": 0.7708333333333334,
    "top1_correct": 29,
    "top5_correct": 37,
    "total_queries": 48,
    "load_time": 0.8112585544586182,
    "embedding_time": 13.412477493286133,
    "total_time": 14.223736047744751
  },
  "model-0_4735": {
    "model_name": "Unknown",
    "top1_accuracy": 0.625,
    "top5_accuracy": 0.8541666666666666,
    "top1_correct": 30,
    "top5_correct": 41,
    "total_queries": 48,
    "load_time": 0.6119070053100586,
    "embedding_time": 13.35360050201416,
    "total_time": 13.965507507324219
  }
}