expansion_name,description,additional_dimensions,noise_type,noise_scale,cat_top1_accuracy,cat_top3_accuracy,cat_mrr,cat_avg_position,es_top1_accuracy,es_top3_accuracy,es_mrr,es_avg_position,avg_top1_accuracy,separation_score,discrimination_potential
extreme_expansion_8,Adaptativo Extremo (900d),900,adaptive_extreme,0.95,0.125,0.1875,0.23063530336588203,11.458333333333334,0.0625,0.125,0.1702777984553585,12.520833333333334,0.09375,0.9469943690848499,0.01961174851389147
extreme_expansion_2,Extremo Uniforme Ultra Masivo (1000d),1000,extreme_uniform,1.0,0.041666666666666664,0.125,0.1700548235598587,12.895833333333334,0.10416666666666667,0.20833333333333334,0.22586573231484644,11.5,0.07291666666666667,0.9428258995233104,0.020234195904633608
extreme_expansion_1,Extremo Uniforme Masivo (500d),500,extreme_uniform,0.8,0.08333333333333333,0.125,0.20022500311473423,10.625,0.0625,0.20833333333333334,0.1816907631251966,12.9375,0.07291666666666666,0.9045194793163777,0.03333106593639435
extreme_expansion_3,Extremo Gaussiano Masivo (500d),500,extreme_gaussian,0.7,0.0625,0.10416666666666667,0.17275961364486905,11.708333333333334,0.0625,0.08333333333333333,0.15307255599225836,13.916666666666666,0.0625,0.9273262688612964,0.03065580034805463
extreme_expansion_4,Extremo Gaussiano Ultra Masivo (1000d),1000,extreme_gaussian,0.9,0.041666666666666664,0.08333333333333333,0.15040242222128664,13.354166666666666,0.08333333333333333,0.20833333333333334,0.1903835068029441,13.416666666666666,0.0625,0.9374052614254461,0.022151359166892683
extreme_expansion_6,Basado en Clusters (600d),600,cluster_based,0.9,0.041666666666666664,0.10416666666666667,0.15948260156060667,11.958333333333334,0.08333333333333333,0.1875,0.21037207426574686,11.833333333333334,0.0625,0.9211659788536399,0.025925902627607536
extreme_expansion_5,Híbrido Extremo Complejo (750d),750,hybrid_extreme,0.8,0.0625,0.10416666666666667,0.15649015421105794,13.270833333333334,0.041666666666666664,0.10416666666666667,0.14132559167807432,13.583333333333334,0.05208333333333333,0.9122225693089173,0.03684618798338469
extreme_expansion_7,Secuencial Extremo (800d),800,sequential_extreme,0.85,0.0625,0.16666666666666666,0.19430410076000834,11.3125,0.020833333333333332,0.0625,0.1168424389837938,14.479166666666666,0.041666666666666664,0.9291198609996982,0.027191682389129734
