expansion_name,description,strategy,additional_dimensions,noise_scale,cat_top1_accuracy,cat_top3_accuracy,cat_mrr,cat_avg_position,es_top1_accuracy,es_top3_accuracy,es_mrr,es_avg_position,avg_top1_accuracy,separation_score,discrimination_potential,semantic_preservation,semantic_consistency,differentiation_efficiency
final_expansion_1,Diferenciación por Similitud Semántica (200d),semantic_similarity_differentiation,200,0.1,0.4791666666666667,0.625,0.5821736712361711,5.208333333333333,0.3333333333333333,0.5,0.46076819347700354,7.0,0.40625,0.7000404222833624,0.1485455411741726,0.4530640420462486,0.9994882219507315,1.6571700674084728
final_expansion_4,Balance Perfecto Semántica-Diferenciación (500d),perfect_semantic_differentiation_balance,500,0.25,0.20833333333333334,0.4166666666666667,0.37097080759585815,7.0,0.22916666666666666,0.4375,0.3814856220287006,7.291666666666667,0.21875,0.9120589308733031,0.04114202286163956,0.16939137704934437,0.9152550924521872,11.730108789747002
final_expansion_2,Huella Digital Única (300d),unique_document_fingerprint,300,0.15,0.25,0.3958333333333333,0.3786503615647638,7.8125,0.16666666666666666,0.3541666666666667,0.3197223387601677,7.833333333333333,0.20833333333333331,0.8982301822923661,0.03864282889979024,0.1249079092578306,0.7501416969000079,18.80509551755932
final_expansion_3,Diferenciación Progresiva Inteligente (400d),progressive_intelligent_differentiation,400,0.2,0.22916666666666666,0.5208333333333334,0.40973997517936395,7.041666666666667,0.1875,0.3958333333333333,0.35448779316876466,7.145833333333333,0.20833333333333331,0.8739603428450504,0.046648073455424294,0.15295735016952228,0.8236765026692137,13.166811226951896
final_expansion_5,Diferenciación Adaptativa por Contenido (600d),content_adaptive_differentiation,600,0.3,0.10416666666666667,0.2916666666666667,0.23644495271993926,10.770833333333334,0.020833333333333332,0.14583333333333334,0.15193754402345733,12.1875,0.0625,0.932594221875891,0.023994651325180034,0.026939202170273617,0.23777495563986314,217.6116493633727
